Workbook

Sheet Resumen
A1: Gestor de proyecto: Loss Incurred
A2: Seguimiento del proyecto actuarial de tres escenarios. Celdas en amarillo son editables.
A4: Indicador | B4: Valor | C4: Indicador | D4: Valor | F4: Guía de uso
A5: Avance global | B5: =AVERAGE('Plan de trabajo'!$J$5:$J$20) -> 0 | C5: Pasos completados | D5: =COUNTIF('Plan de trabajo'!$E$5:$E$20,"Completado") -> 1 | F5: 1. Actualice el Plan de trabajo con estado, fechas y porcentaje. 2. Mantenga dev_M y reglas en Escenarios y Backtesting. 3. Registre variantes en Métodos y resultados en Métricas. 4. Complete la evidencia de cada entregable. Nota: “Todos” en el Plan representa trabajo transversal y se incorpora al avance global.
A6: Pasos en progreso | B6: =COUNTIF('Plan de trabajo'!$E$5:$E$20,"En progreso") -> 0 | C6: Pasos bloqueados | D6: =COUNTIF('Plan de trabajo'!$E$5:$E$20,"Bloqueado") -> 0
A7: Pasos en revisión | B7: =COUNTIF('Plan de trabajo'!$E$5:$E$20,"En revisión") -> 0 | C7: Total de pasos | D7: 16
A8: Próxima fecha objetivo | B8: =MIN('Plan de trabajo'!$H$5:$H$20) -> 46297 | C8: Entregables completados | D8: =COUNTIF(Entregables!$G$5:$G$11,"Completado") -> 0
A9: Fecha de actualización | B9: 46288
A12: Avance por escenario
A13: Escenario | B13: Avance | C13: Pasos completados | D13: Estado dominante
A14: Creciente | B14: =IF(COUNTIF('Plan de trabajo'!$D$5:$D$20,A14)=0,0,AVERAGEIF('Plan de trabajo'!$D$5:$D$20,A14,'Plan de trabajo'!$J$5:$J$20)) -> 0 | C14: =COUNTIFS('Plan de trabajo'!$D$5:$D$20,A14,'Plan de trabajo'!$E$5:$E$20,"Completado") -> 0 | D14: Pendiente
A15: Decreciente | B15: =IF(COUNTIF('Plan de trabajo'!$D$5:$D$20,A15)=0,0,AVERAGEIF('Plan de trabajo'!$D$5:$D$20,A15,'Plan de trabajo'!$J$5:$J$20)) -> 0 | C15: =COUNTIFS('Plan de trabajo'!$D$5:$D$20,A15,'Plan de trabajo'!$E$5:$E$20,"Completado") -> 0 | D15: Pendiente
A16: Mixto | B16: =IF(COUNTIF('Plan de trabajo'!$D$5:$D$20,A16)=0,0,AVERAGEIF('Plan de trabajo'!$D$5:$D$20,A16,'Plan de trabajo'!$J$5:$J$20)) -> 0 | C16: =COUNTIFS('Plan de trabajo'!$D$5:$D$20,A16,'Plan de trabajo'!$E$5:$E$20,"Completado") -> 0 | D16: Pendiente
A19: Leyenda
A20: Amarillo | B20: Campo editable | C20: Verde | D20: Completado
A21: Azul | B21: Información calculada | C21: Rojo | D21: Bloqueado

Sheet Plan de trabajo
A1: Plan de trabajo
A2: Actualice Estado, fechas y % avance. El Resumen se recalcula automáticamente.
A4: ID | B4: Fase | C4: Actividad | D4: Escenario | E4: Estado | F4: Prioridad | G4: Fecha inicio | H4: Fecha objetivo | I4: Fecha final | J4: % avance | K4: Dependencia | L4: Entregable | M4: Notas | N4: Columna1
A5: 1 | B5: Diseño | C5: Crear tres escenarios mensuales acumulados | D5: Todos | E5: Completado | F5: Alta | H5: 46297 | J5: 0 | L5: Definición de escenarios | M5: =VLOOKUP(PlanTrabajo[[#This Row],[Columna1]],Listas!$D$5:$E$11,2,) -> Angelica Guadalupe Cravioto Perez | N5: 2
A6: 2 | B6: Diseño | C6: Elegir y documentar horizonte de madurez dev_M | D6: Todos | E6: No iniciado | F6: Alta | H6: 46299 | J6: 0 | K6: 1 | L6: dev_M documentado | M6: =VLOOKUP(PlanTrabajo[[#This Row],[Columna1]],Listas!$D$5:$E$11,2,) -> Angelica Guadalupe Cravioto Perez | N6: 2
A7: 3 | B7: Datos | C7: Simular bases mensuales con tendencia, estacionalidad y variación | D7: Todos | E7: No iniciado | F7: Alta | H7: 46305 | J7: 0 | K7: 1,2 | L7: Bases mensuales | M7: =VLOOKUP(PlanTrabajo[[#This Row],[Columna1]],Listas!$D$5:$E$11,2,) -> José Julián Alcalá Alcántara | N7: 6
A8: 4 | B8: Validación | C8: Validar estructura, importes, períodos y dirección de factores | D8: Todos | E8: No iniciado | F8: Alta | H8: 46309 | J8: 0 | K8: 3 | L8: Checklist de validación | M8: =VLOOKUP(PlanTrabajo[[#This Row],[Columna1]],Listas!$D$5:$E$11,2,) -> Arturo Cortés Islas | N8: 3
A9: 5 | B9: Triángulos | C9: Transformar bases a triángulos acumulados e incrementales | D9: Todos | E9: No iniciado | F9: Alta | H9: 46313 | J9: 0 | K9: 3,4 | L9: Triángulos | M9: =VLOOKUP(PlanTrabajo[[#This Row],[Columna1]],Listas!$D$5:$E$11,2,) -> Arturo Cortés Islas | N9: 3
A10: 6 | B10: Exploración | C10: Presentar diagonal, tendencias, estacionalidad, triángulos y factores | D10: Todos | E10: No iniciado | F10: Media | H10: 46317 | J10: 0 | K10: 5 | L10: Paquete descriptivo | M10: =VLOOKUP(PlanTrabajo[[#This Row],[Columna1]],Listas!$D$5:$E$11,2,) -> Ismael Ruiz Carbajal | N10: 5
A11: 7 | B11: Interpretación | C11: Explicar patrones de desarrollo observados | D11: Todos | E11: No iniciado | F11: Media | H11: 46319 | J11: 0 | K11: 6 | L11: Narrativa por escenario | M11: =VLOOKUP(PlanTrabajo[[#This Row],[Columna1]],Listas!$D$5:$E$11,2,) -> Alondra Abril Alarcón Álvarez | N11: 1
A12: 8 | B12: Backtesting | C12: Definir backtesting cronológico y períodos inmaduros | D12: Todos | E12: No iniciado | F12: Alta | H12: 46323 | J12: 0 | K12: 2,5 | L12: Diseño de backtesting | M12: =VLOOKUP(PlanTrabajo[[#This Row],[Columna1]],Listas!$D$5:$E$11,2,) -> José Julián Alcalá Alcántara | N12: 6
A13: 9 | B13: Métodos | C13: Definir alternativas internas del Método de Desarrollo | D13: Todos | E13: No iniciado | F13: Alta | H13: 46327 | J13: 0 | K13: 8 | L13: Catálogo Development Method | M13: =VLOOKUP(PlanTrabajo[[#This Row],[Columna1]],Listas!$D$5:$E$11,2,) -> Dereck Favila Limón | N13: 4
A14: 10 | B14: Métodos | C14: Definir Gamma/log GLM, Random Forest y XGBoost observables | D14: Todos | E14: No iniciado | F14: Alta | H14: 46331 | J14: 0 | K14: 8 | L14: Catálogo modelos | M14: =VLOOKUP(PlanTrabajo[[#This Row],[Columna1]],Listas!$D$5:$E$11,2,) -> Arturo Cortés Islas | N14: 3
A15: 11 | B15: Backtesting | C15: Ejecutar backtesting sin leakage y bloquear predicciones inmaduras | D15: Todos | E15: No iniciado | F15: Alta | H15: 46340 | J15: 0 | K15: 9,10 | L15: Resultados de backtesting | M15: =VLOOKUP(PlanTrabajo[[#This Row],[Columna1]],Listas!$D$5:$E$11,2,) -> José Julián Alcalá Alcántara | N15: 6
A16: 12 | B16: Evaluación | C16: Revelar target en evaluation date y comparar mismas claves | D16: Todos | E16: No iniciado | F16: Alta | H16: 46343 | J16: 0 | K16: 11 | L16: Base de evaluación | M16: =VLOOKUP(PlanTrabajo[[#This Row],[Columna1]],Listas!$D$5:$E$11,2,) -> Dereck Favila Limón | N16: 4
A17: 13 | B17: Evaluación | C17: Comparar WAPE, sesgo, RMSE, reserva, estabilidad y criterios | D17: Todos | E17: No iniciado | F17: Alta | H17: 46347 | J17: 0 | K17: 12 | L17: Matriz de métricas | M17: =VLOOKUP(PlanTrabajo[[#This Row],[Columna1]],Listas!$D$5:$E$11,2,) -> Alondra Abril Alarcón Álvarez | N17: 1
... A20: 16 | B20: Reporte | C20: Emitir reporte final con reserva, diagnósticos y comparación | D20: Todos | E20: No iniciado | F20: Alta | H20: 46361 | J20: 0 | K20: 15 | L20: Reporte final | M20: =VLOOKUP(PlanTrabajo[[#This Row],[Columna1]],Listas!$D$5:$E$11,2,) -> Dereck Favila Limón | N20: 4

Sheet Entregables
A1: Entregables y checklist
A2: Control de evidencia y aprobación de los productos del proyecto.
A4: ID | B4: Entregable | C4: Paso(s) | D4: Escenario | E4: Responsable | F4: Fecha objetivo | G4: Estado | H4: Evidencia / enlace
A5: E01 | B5: Definición de escenarios y dev_M | C5: 1-2 | D5: Todos | F5: 46299 | G5: No iniciado
A6: E02 | B6: Bases mensuales simuladas y validación | C6: 3-4 | D6: Todos | F6: 46309 | G6: No iniciado
A7: E03 | B7: Triángulos, diagonal, gráficos y factores | C7: 5-7 | D7: Todos | F7: 46319 | G7: No iniciado
A8: E04 | B8: Diseño y ejecución de backtesting | C8: 8, 11-12 | D8: Todos | F8: 46343 | G8: No iniciado
A9: E05 | B9: Catálogo de alternativas de métodos | C9: 9-10 | D9: Todos | F9: 46331 | G9: No iniciado
A10: E06 | B10: Comparación de métricas y selección | C10: 13-14 | D10: Todos | F10: 46350 | G10: No iniciado
A11: E07 | B11: Reserva actual y reporte final | C11: 15-16 | D11: Todos | F11: 46361 | G11: No iniciado

Sheet Listas
A1: Listas de validación
A2: Listas editables que alimentan los menús desplegables.
A4: Estado | B4: Prioridad | C4: Escenario | D4: ID | E4: Nombre
A5: No iniciado | B5: Alta | C5: Creciente | D5: 1 | E5: Alondra Abril Alarcón Álvarez | F5: =COUNTIF(PlanTrabajo[Notas],Listas!E5) -> 2
A6: En progreso | B6: Media | C6: Decreciente | D6: 2 | E6: Angelica Guadalupe Cravioto Perez | F6: =COUNTIF(PlanTrabajo[Notas],Listas!E6) -> 2
A7: Bloqueado | B7: Baja | C7: Mixto | D7: 3 | E7: Arturo Cortés Islas | F7: =COUNTIF(PlanTrabajo[Notas],Listas!E7) -> 3
A8: En revisión | D8: 4 | E8: Dereck Favila Limón | F8: =COUNTIF(PlanTrabajo[Notas],Listas!E8) -> 3
A9: Completado | D9: 5 | E9: Ismael Ruiz Carbajal | F9: =COUNTIF(PlanTrabajo[Notas],Listas!E9) -> 2
D10: 6 | E10: José Julián Alcalá Alcántara | F10: =COUNTIF(PlanTrabajo[Notas],Listas!E10) -> 3
D11: 7 | E11: Melissa González Cortés | F11: =COUNTIF(PlanTrabajo[Notas],Listas!E11) -> 1
